{
  "geom_col_default": {
    "group": 3
  },
  "geom_vis_default": {
    "group": 2,
    "contype": 0,
    "conaffinity": 0,
    "density": 0,
    "material": "black"
  },
  "mcp_joint": {
    "body": {
      "name":"mcp_joint",
      "mass": 0.044,
      "iquat": [0.388585, 0.626468, -0.324549, 0.592628],
      "inertia": [1.47756e-05, 1.31982e-05, 6.0802e-06]
    },
    "joint": {
      "name": "j0",
      "range": [-0.314, 2.23],
      "actfrcrange": [-0.95, 0.95]
    },
    "geoms": [
      {
        "pos": [0.0084069, 0.00776624, 0.0146574],
        "quat": [1, 0, 0, 0],
        "meshname": "mcp_joint"
      },
      {
        "pos": [0.0084069, 0.00776624, 0.0146574],
        "quat": [1, 0, 0, 0],
        "meshname": "mcp_joint"
      }
    ]
  },
  "pip": {
    "body": {
      "name":"pip",
      "pos": [-0.0122, 0.0381, 0.0145],
      "quat": [1, -1, -1, 1],
      "mass": 0.032,
      "iquat": [0.709913, 0.704273, -0.000363156, 0.00475427],
      "inertia": [4.7981e-06, 4.23406e-06, 2.86184e-06]
    },
    "joint": {
      "name": "j1",
      "range": [-1.047, 1.047],
      "actfrcrange": [-0.95, 0.95]
    },
    "geoms": [
      {
        "pos": [0.00964336, 0.0003, 0.000784034],
        "quat": [1, -1, -1, -1],
        "meshname": "pip"
      },
      {
        "pos": [0.00964336, 0.0003, 0.000784034],
        "quat": [1, -1, -1, -1],
        "meshname": "pip"
      }
    ]
  },
  "dip": {
    "body": {
      "name":"dip",
      "pos": [0.015, 0.0143, -0.013],
      "quat": [1, 1, -1, 1],
      "mass": 0.037,
      "iquat": [-0.252689, 0.659216, 0.238844, 0.666735],
      "inertia": [6.68256e-06, 6.24841e-06, 5.02002e-06]
    },
    "joint": {
      "name": "j2",
      "range": [-0.506, 1.885],
      "actfrcrange": [-0.95, 0.95]
    },
    "geoms": [
      {
        "pos": [0.0211334, -0.00843212, 0.00978509],
        "quat": [0, -1, 0, 0],
        "meshname": "dip"
      },
      {
        "pos": [0.0211334, -0.00843212, 0.00978509],
        "quat": [0, -1, 0, 0],
        "meshname": "dip"
      }
    ]
  },
  "fingertip": {
    "body": {
      "name":"fingertip",
      "pos": [-4.08806e-09, -0.0361, 0.0002],
      "mass": 0.016,
      "iquat": [0.706755, 0.706755, 0.0223155, 0.0223155],
      "inertia": [3.37527e-06, 2.863e-06, 1.54873e-06]
    },
    "joint": {
      "name": "j3",
      "range": [-0.366, 2.042],
      "actfrcrange": [-0.95, 0.95]
    },
    "geoms": [
      {
        "pos": [0.0132864, -0.00611424, 0.0145],
        "quat": [0, 1, 0, 0],
        "meshname": "fingertip"
      },
      {
        "pos": [0.0132864, -0.00611424, 0.0145],
        "quat": [0, 1, 0, 0],
        "meshname": "fingertip"
      }
    ]
  },

    "pip_4": {
      "body": {
        "name":"pip_4",
        "mass": 0.032,
        "iquat": [0.709913, 0.704273, -0.000363156, 0.00475427],
        "inertia": [4.7981e-06, 4.23406e-06, 2.86184e-06]
      },
      "joint": {
        "name": "j0",
        "range": [-2.094, 0.349],
        "actfrcrange": [-0.95, 0.95]
      },
      "geoms": [
        {
          "pos": [-0.00535664, 0.0003, 0.000784034],
          "quat": [1, -1, -1, -1],
          "meshname": "pip"
        },
        {
          "pos": [-0.00535664, 0.0003, 0.000784034],
          "quat": [1, -1, -1, -1],
          "meshname": "pip"
        }
      ]
    },
    "thumb_pip": {
      "body": {
        "name":"thumb_pip",
        "pos": [0, -0.0141, -0.013],
        "quat": [1, -1, -1, -1],
        "mass": 0.003,
        "inertia": [5.93e-07, 5.49e-07, 2.24e-07]
      },
      "joint": {
        "name": "j1",
        "range": [-2.443, 0.47],
        "actfrcrange": [-0.95, 0.95]
      },
      "geoms": [
        {
          "pos": [0.0119619, 0, -0.0158526],
          "quat": [1, 1, 0, 0],
          "meshname": "thumb_pip"
        },
        {
          "pos": [0.0119619, 0, -0.0158526],
          "quat": [1, 1, 0, 0],
          "meshname": "thumb_pip"
        }
      ]
    },
    "thumb_dip": {
      "body": {
        "name":"thumb_dip",
        "pos": [0, 0.0145, -0.017],
        "quat": [1, -1, 0, 0],
        "mass": 0.038,
        "iquat": [0.708624, 0.704906, 0.00637342, 0.0303153],
        "inertia": [8.48742e-06, 7.67823e-06, 3.82835e-06]
      },
      "joint": {
        "name": "j2",
        "range": [-1.2, 1.9],
        "actfrcrange": [-0.95, 0.95]
      },
      "geoms": [
        {
          "pos": [0.0439687, 0.057953, -0.00862868],
          "quat": [1, 0, 0, 0],
          "meshname": "thumb_dip"
        },
        {
          "pos": [0.0439687, 0.057953, -0.00862868],
          "quat": [1, 0, 0, 0],
          "meshname": "thumb_dip"
        }
      ]
    },
    "thumb_fingertip": {
      "body": {
        "pos": [0, 0.0466, 0.0002],
        "quat": [0, 0, 0, -1],
        "mass": 0.049,
        "iquat": [0.704307, 0.709299, 0.006848, -0.0282727],
        "inertia": [2.03882e-05, 1.98443e-05, 4.32049e-06]
      },
      "joint": {
        "name": "j3",
        "range": [-1.34, 1.88],
        "actfrcrange": [-0.95, 0.95]
      },
      "geoms": [
        {
          "pos": [0.0625595, 0.0784597, 0.0489929],
          "quat": [1, 0, 0, 0],
          "meshname": "thumb_fingertip"
        },
        {
          "pos": [0.0625595, 0.0784597, 0.0489929],
          "quat": [1, 0, 0, 0],
          "meshname": "thumb_fingertip"
        }
      ]
    },
    "hand":{
      "body": {
        "name":"palm_lower",
        "pos": [0, 0, 0.1],
        "quat": [0, 1, 0, 0],
        "mass": 0.235,
        "iquat": [0.704257, -0.0014136, 0.00678547, 0.709911],
        "inertia": [0.000523252, 0.000351001, 0.000256955]
      },
      "geoms": [
        {
          "pos": [-0.0955742, -0.11704, 0.0207796],
          "quat": [0, 0, 1, 1],
          "meshname": "palm_lower_left"
        },
        {
          "pos": [-0.0955742, -0.11704, 0.0207796],
          "quat": [0, 0, 1, 1],
          "meshname": "palm_lower_left"
        }
      ],
      "finger_frame_quat":[1, 1, 1, -1],
      "thumb_frame_quat": [1, 0, 1, 0],
      "frames_pos":[
        [-0.0825742, -0.08574, 0.00780089],
        [-0.0825742, -0.04029, 0.00780089],
        [-0.0825742, 0.00515999, 0.00780089],
        [-0.144874, -0.09004, 0.00490089]
      ],
      "p_contacts":{
        "bodyname1":"palm_lower",
        "bodyname2":["ff_mcp_joint","mf_mcp_joint","rf_mcp_joint","th_pip_4","th_thumb_dip","th_thumb_pip"]
      },
      "contacts":
        { "prefix":["ff_","mf_","rf_"],
          "bodyname1":"dip",
          "bodyname2":"mcp_joint"
        }



    },

    "fingers_prefix":["ff_","mf_","rf_"],
    "thump_prefix":"th_",

    "finger_actuators":{
      "name":"a",
      "target":"j",
      "range":[0,4]
    },

    "thumb_actuators":{
      "name":"a",
      "target":"j",
      "range":[0,4]
    }
  }
